store_id,item_id,date,cnt
STORE_2,STORE_2_252,2011-01-29,39
STORE_2,STORE_2_252,2011-01-30,38
STORE_2,STORE_2_252,2011-01-31,18
STORE_2,STORE_2_252,2011-02-01,37
STORE_2,STORE_2_252,2011-02-02,40
STORE_2,STORE_2_252,2011-02-03,46
STORE_2,STORE_2_252,2011-02-04,27
STORE_2,STORE_2_252,2011-02-05,69
STORE_2,STORE_2_252,2011-02-06,60
STORE_2,STORE_2_252,2011-02-07,41
STORE_2,STORE_2_252,2011-02-08,29
STORE_2,STORE_2_252,2011-02-09,37
STORE_2,STORE_2_252,2011-02-10,47
STORE_2,STORE_2_252,2011-02-11,51
STORE_2,STORE_2_252,2011-02-12,62
STORE_2,STORE_2_252,2011-02-13,64
STORE_2,STORE_2_252,2011-02-14,21
STORE_2,STORE_2_252,2011-02-15,25
STORE_2,STORE_2_252,2011-02-16,35
STORE_2,STORE_2_252,2011-02-17,21
STORE_2,STORE_2_252,2011-02-18,24
STORE_2,STORE_2_252,2011-02-19,48
STORE_2,STORE_2_252,2011-02-20,41
STORE_2,STORE_2_252,2011-02-21,38
STORE_2,STORE_2_252,2011-02-22,33
STORE_2,STORE_2_252,2011-02-23,27
STORE_2,STORE_2_252,2011-02-24,30
STORE_2,STORE_2_252,2011-02-25,26
STORE_2,STORE_2_252,2011-02-26,42
STORE_2,STORE_2_252,2011-02-27,49
STORE_2,STORE_2_252,2011-02-28,32
STORE_2,STORE_2_252,2011-03-01,30
STORE_2,STORE_2_252,2011-03-02,23
STORE_2,STORE_2_252,2011-03-03,46
STORE_2,STORE_2_252,2011-03-04,38
STORE_2,STORE_2_252,2011-03-05,57
STORE_2,STORE_2_252,2011-03-06,41
STORE_2,STORE_2_252,2011-03-07,30
STORE_2,STORE_2_252,2011-03-08,34
STORE_2,STORE_2_252,2011-03-09,38
STORE_2,STORE_2_252,2011-03-10,32
STORE_2,STORE_2_252,2011-03-11,51
STORE_2,STORE_2_252,2011-03-12,53
STORE_2,STORE_2_252,2011-03-13,46
STORE_2,STORE_2_252,2011-03-14,54
STORE_2,STORE_2_252,2011-03-15,32
STORE_2,STORE_2_252,2011-03-16,35
STORE_2,STORE_2_252,2011-03-17,39
STORE_2,STORE_2_252,2011-03-18,21
STORE_2,STORE_2_252,2011-03-19,31
STORE_2,STORE_2_252,2011-03-20,43
STORE_2,STORE_2_252,2011-03-21,26
STORE_2,STORE_2_252,2011-03-22,28
STORE_2,STORE_2_252,2011-03-23,25
STORE_2,STORE_2_252,2011-03-24,26
STORE_2,STORE_2_252,2011-03-25,26
STORE_2,STORE_2_252,2011-03-26,39
STORE_2,STORE_2_252,2011-03-27,36
STORE_2,STORE_2_252,2011-03-28,26
STORE_2,STORE_2_252,2011-03-29,21
STORE_2,STORE_2_252,2011-03-30,36
STORE_2,STORE_2_252,2011-03-31,44
STORE_2,STORE_2_252,2011-04-01,70
STORE_2,STORE_2_252,2011-04-02,42
STORE_2,STORE_2_252,2011-04-03,65
STORE_2,STORE_2_252,2011-04-04,44
STORE_2,STORE_2_252,2011-04-05,30
STORE_2,STORE_2_252,2011-04-06,26
STORE_2,STORE_2_252,2011-04-07,20
STORE_2,STORE_2_252,2011-04-08,39
STORE_2,STORE_2_252,2011-04-09,41
STORE_2,STORE_2_252,2011-04-10,47
STORE_2,STORE_2_252,2011-04-11,28
STORE_2,STORE_2_252,2011-04-12,27
STORE_2,STORE_2_252,2011-04-13,24
STORE_2,STORE_2_252,2011-04-14,34
STORE_2,STORE_2_252,2011-04-15,37
STORE_2,STORE_2_252,2011-04-16,52
STORE_2,STORE_2_252,2011-04-17,39
STORE_2,STORE_2_252,2011-04-18,32
STORE_2,STORE_2_252,2011-04-19,21
STORE_2,STORE_2_252,2011-04-20,36
STORE_2,STORE_2_252,2011-04-21,34
STORE_2,STORE_2_252,2011-04-22,38
STORE_2,STORE_2_252,2011-04-23,42
STORE_2,STORE_2_252,2011-04-24,34
STORE_2,STORE_2_252,2011-04-25,37
STORE_2,STORE_2_252,2011-04-26,24
STORE_2,STORE_2_252,2011-04-27,28
STORE_2,STORE_2_252,2011-04-28,22
STORE_2,STORE_2_252,2011-04-29,26
STORE_2,STORE_2_252,2011-04-30,46
STORE_2,STORE_2_252,2011-05-01,53
STORE_2,STORE_2_252,2011-05-02,49
STORE_2,STORE_2_252,2011-05-03,39
STORE_2,STORE_2_252,2011-05-04,53
STORE_2,STORE_2_252,2011-05-05,45
STORE_2,STORE_2_252,2011-05-06,32
STORE_2,STORE_2_252,2011-05-07,50
STORE_2,STORE_2_252,2011-05-08,23
STORE_2,STORE_2_252,2011-05-09,36
STORE_2,STORE_2_252,2011-05-10,16
STORE_2,STORE_2_252,2011-05-11,21
STORE_2,STORE_2_252,2011-05-12,31
STORE_2,STORE_2_252,2011-05-13,29
STORE_2,STORE_2_252,2011-05-14,38
STORE_2,STORE_2_252,2011-05-15,46
STORE_2,STORE_2_252,2011-05-16,38
STORE_2,STORE_2_252,2011-05-17,21
STORE_2,STORE_2_252,2011-05-18,24
STORE_2,STORE_2_252,2011-05-19,38
STORE_2,STORE_2_252,2011-05-20,32
STORE_2,STORE_2_252,2011-05-21,37
STORE_2,STORE_2_252,2011-05-22,38
STORE_2,STORE_2_252,2011-05-23,31
STORE_2,STORE_2_252,2011-05-24,32
STORE_2,STORE_2_252,2011-05-25,23
STORE_2,STORE_2_252,2011-05-26,34
STORE_2,STORE_2_252,2011-05-27,30
STORE_2,STORE_2_252,2011-05-28,38
STORE_2,STORE_2_252,2011-05-29,31
STORE_2,STORE_2_252,2011-05-30,31
STORE_2,STORE_2_252,2011-05-31,25
STORE_2,STORE_2_252,2011-06-01,29
STORE_2,STORE_2_252,2011-06-02,28
STORE_2,STORE_2_252,2011-06-03,21
STORE_2,STORE_2_252,2011-06-04,35
STORE_2,STORE_2_252,2011-06-05,34
STORE_2,STORE_2_252,2011-06-06,36
STORE_2,STORE_2_252,2011-06-07,43
STORE_2,STORE_2_252,2011-06-08,43
STORE_2,STORE_2_252,2011-06-09,45
STORE_2,STORE_2_252,2011-06-10,32
STORE_2,STORE_2_252,2011-06-11,35
STORE_2,STORE_2_252,2011-06-12,51
STORE_2,STORE_2_252,2011-06-13,34
STORE_2,STORE_2_252,2011-06-14,42
STORE_2,STORE_2_252,2011-06-15,52
STORE_2,STORE_2_252,2011-06-16,50
STORE_2,STORE_2_252,2011-06-17,51
STORE_2,STORE_2_252,2011-06-18,60
STORE_2,STORE_2_252,2011-06-19,58
STORE_2,STORE_2_252,2011-06-20,81
STORE_2,STORE_2_252,2011-06-21,62
STORE_2,STORE_2_252,2011-06-22,43
STORE_2,STORE_2_252,2011-06-23,40
STORE_2,STORE_2_252,2011-06-24,46
STORE_2,STORE_2_252,2011-06-25,36
STORE_2,STORE_2_252,2011-06-26,59
STORE_2,STORE_2_252,2011-06-27,29
STORE_2,STORE_2_252,2011-06-28,15
STORE_2,STORE_2_252,2011-06-29,30
STORE_2,STORE_2_252,2011-06-30,39
STORE_2,STORE_2_252,2011-07-01,71
STORE_2,STORE_2_252,2011-07-02,65
STORE_2,STORE_2_252,2011-07-03,63
STORE_2,STORE_2_252,2011-07-04,53
STORE_2,STORE_2_252,2011-07-05,74
STORE_2,STORE_2_252,2011-07-06,63
STORE_2,STORE_2_252,2011-07-07,62
STORE_2,STORE_2_252,2011-07-08,57
STORE_2,STORE_2_252,2011-07-09,55
STORE_2,STORE_2_252,2011-07-10,46
STORE_2,STORE_2_252,2011-07-11,51
STORE_2,STORE_2_252,2011-07-12,34
STORE_2,STORE_2_252,2011-07-13,30
STORE_2,STORE_2_252,2011-07-14,33
STORE_2,STORE_2_252,2011-07-15,42
STORE_2,STORE_2_252,2011-07-16,47
STORE_2,STORE_2_252,2011-07-17,40
STORE_2,STORE_2_252,2011-07-18,37
STORE_2,STORE_2_252,2011-07-19,29
STORE_2,STORE_2_252,2011-07-20,43
STORE_2,STORE_2_252,2011-07-21,51
STORE_2,STORE_2_252,2011-07-22,47
STORE_2,STORE_2_252,2011-07-23,65
STORE_2,STORE_2_252,2011-07-24,50
STORE_2,STORE_2_252,2011-07-25,35
STORE_2,STORE_2_252,2011-07-26,28
STORE_2,STORE_2_252,2011-07-27,44
STORE_2,STORE_2_252,2011-07-28,28
STORE_2,STORE_2_252,2011-07-29,33
STORE_2,STORE_2_252,2011-07-30,29
STORE_2,STORE_2_252,2011-07-31,29
STORE_2,STORE_2_252,2011-08-01,35
STORE_2,STORE_2_252,2011-08-02,44
STORE_2,STORE_2_252,2011-08-03,64
STORE_2,STORE_2_252,2011-08-04,45
STORE_2,STORE_2_252,2011-08-05,66
STORE_2,STORE_2_252,2011-08-06,56
STORE_2,STORE_2_252,2011-08-07,48
STORE_2,STORE_2_252,2011-08-08,38
STORE_2,STORE_2_252,2011-08-09,53
STORE_2,STORE_2_252,2011-08-10,52
STORE_2,STORE_2_252,2011-08-11,31
STORE_2,STORE_2_252,2011-08-12,49
STORE_2,STORE_2_252,2011-08-13,68
STORE_2,STORE_2_252,2011-08-14,74
STORE_2,STORE_2_252,2011-08-15,49
STORE_2,STORE_2_252,2011-08-16,52
STORE_2,STORE_2_252,2011-08-17,31
STORE_2,STORE_2_252,2011-08-18,43
STORE_2,STORE_2_252,2011-08-19,33
STORE_2,STORE_2_252,2011-08-20,53
STORE_2,STORE_2_252,2011-08-21,70
STORE_2,STORE_2_252,2011-08-22,54
STORE_2,STORE_2_252,2011-08-23,50
STORE_2,STORE_2_252,2011-08-24,41
STORE_2,STORE_2_252,2011-08-25,26
STORE_2,STORE_2_252,2011-08-26,45
STORE_2,STORE_2_252,2011-08-27,55
STORE_2,STORE_2_252,2011-08-28,58
STORE_2,STORE_2_252,2011-08-29,41
STORE_2,STORE_2_252,2011-08-30,26
STORE_2,STORE_2_252,2011-08-31,38
STORE_2,STORE_2_252,2011-09-01,45
STORE_2,STORE_2_252,2011-09-02,57
STORE_2,STORE_2_252,2011-09-03,59
STORE_2,STORE_2_252,2011-09-04,49
STORE_2,STORE_2_252,2011-09-05,57
STORE_2,STORE_2_252,2011-09-06,65
STORE_2,STORE_2_252,2011-09-07,46
STORE_2,STORE_2_252,2011-09-08,30
STORE_2,STORE_2_252,2011-09-09,53
STORE_2,STORE_2_252,2011-09-10,71
STORE_2,STORE_2_252,2011-09-11,71
STORE_2,STORE_2_252,2011-09-12,30
STORE_2,STORE_2_252,2011-09-13,40
STORE_2,STORE_2_252,2011-09-14,27
STORE_2,STORE_2_252,2011-09-15,23
STORE_2,STORE_2_252,2011-09-16,37
STORE_2,STORE_2_252,2011-09-17,41
STORE_2,STORE_2_252,2011-09-18,59
STORE_2,STORE_2_252,2011-09-19,46
STORE_2,STORE_2_252,2011-09-20,55
STORE_2,STORE_2_252,2011-09-21,40
STORE_2,STORE_2_252,2011-09-22,43
STORE_2,STORE_2_252,2011-09-23,43
STORE_2,STORE_2_252,2011-09-24,32
STORE_2,STORE_2_252,2011-09-25,51
STORE_2,STORE_2_252,2011-09-26,46
STORE_2,STORE_2_252,2011-09-27,30
STORE_2,STORE_2_252,2011-09-28,37
STORE_2,STORE_2_252,2011-09-29,27
STORE_2,STORE_2_252,2011-09-30,39
STORE_2,STORE_2_252,2011-10-01,58
STORE_2,STORE_2_252,2011-10-02,45
STORE_2,STORE_2_252,2011-10-03,31
STORE_2,STORE_2_252,2011-10-04,31
STORE_2,STORE_2_252,2011-10-05,23
STORE_2,STORE_2_252,2011-10-06,25
STORE_2,STORE_2_252,2011-10-07,34
STORE_2,STORE_2_252,2011-10-08,63
STORE_2,STORE_2_252,2011-10-09,53
STORE_2,STORE_2_252,2011-10-10,28
STORE_2,STORE_2_252,2011-10-11,31
STORE_2,STORE_2_252,2011-10-12,36
STORE_2,STORE_2_252,2011-10-13,37
STORE_2,STORE_2_252,2011-10-14,38
STORE_2,STORE_2_252,2011-10-15,57
STORE_2,STORE_2_252,2011-10-16,54
STORE_2,STORE_2_252,2011-10-17,39
STORE_2,STORE_2_252,2011-10-18,40
STORE_2,STORE_2_252,2011-10-19,31
STORE_2,STORE_2_252,2011-10-20,21
STORE_2,STORE_2_252,2011-10-21,38
STORE_2,STORE_2_252,2011-10-22,68
STORE_2,STORE_2_252,2011-10-23,70
STORE_2,STORE_2_252,2011-10-24,38
STORE_2,STORE_2_252,2011-10-25,14
STORE_2,STORE_2_252,2011-10-26,35
STORE_2,STORE_2_252,2011-10-27,35
STORE_2,STORE_2_252,2011-10-28,41
STORE_2,STORE_2_252,2011-10-29,68
STORE_2,STORE_2_252,2011-10-30,59
STORE_2,STORE_2_252,2011-10-31,18
STORE_2,STORE_2_252,2011-11-01,31
STORE_2,STORE_2_252,2011-11-02,30
STORE_2,STORE_2_252,2011-11-03,33
STORE_2,STORE_2_252,2011-11-04,45
STORE_2,STORE_2_252,2011-11-05,57
STORE_2,STORE_2_252,2011-11-06,55
STORE_2,STORE_2_252,2011-11-07,38
STORE_2,STORE_2_252,2011-11-08,27
STORE_2,STORE_2_252,2011-11-09,43
STORE_2,STORE_2_252,2011-11-10,39
STORE_2,STORE_2_252,2011-11-11,34
STORE_2,STORE_2_252,2011-11-12,46
STORE_2,STORE_2_252,2011-11-13,45
STORE_2,STORE_2_252,2011-11-14,29
STORE_2,STORE_2_252,2011-11-15,33
STORE_2,STORE_2_252,2011-11-16,27
STORE_2,STORE_2_252,2011-11-17,19
STORE_2,STORE_2_252,2011-11-18,25
STORE_2,STORE_2_252,2011-11-19,42
STORE_2,STORE_2_252,2011-11-20,47
STORE_2,STORE_2_252,2011-11-21,37
STORE_2,STORE_2_252,2011-11-22,29
STORE_2,STORE_2_252,2011-11-23,40
STORE_2,STORE_2_252,2011-11-24,79
STORE_2,STORE_2_252,2011-11-25,73
STORE_2,STORE_2_252,2011-11-26,32
STORE_2,STORE_2_252,2011-11-27,38
STORE_2,STORE_2_252,2011-11-28,24
STORE_2,STORE_2_252,2011-11-29,29
STORE_2,STORE_2_252,2011-11-30,29
STORE_2,STORE_2_252,2011-12-01,44
STORE_2,STORE_2_252,2011-12-02,44
STORE_2,STORE_2_252,2011-12-03,57
STORE_2,STORE_2_252,2011-12-04,38
STORE_2,STORE_2_252,2011-12-05,29
STORE_2,STORE_2_252,2011-12-06,22
STORE_2,STORE_2_252,2011-12-07,27
STORE_2,STORE_2_252,2011-12-08,39
STORE_2,STORE_2_252,2011-12-09,31
STORE_2,STORE_2_252,2011-12-10,60
STORE_2,STORE_2_252,2011-12-11,47
STORE_2,STORE_2_252,2011-12-12,22
STORE_2,STORE_2_252,2011-12-13,22
STORE_2,STORE_2_252,2011-12-14,15
STORE_2,STORE_2_252,2011-12-15,35
STORE_2,STORE_2_252,2011-12-16,30
STORE_2,STORE_2_252,2011-12-17,50
STORE_2,STORE_2_252,2011-12-18,49
STORE_2,STORE_2_252,2011-12-19,40
STORE_2,STORE_2_252,2011-12-20,35
STORE_2,STORE_2_252,2011-12-21,42
STORE_2,STORE_2_252,2011-12-22,49
STORE_2,STORE_2_252,2011-12-23,48
STORE_2,STORE_2_252,2011-12-24,46
STORE_2,STORE_2_252,2011-12-25,0
STORE_2,STORE_2_252,2011-12-26,49
STORE_2,STORE_2_252,2011-12-27,33
STORE_2,STORE_2_252,2011-12-28,23
STORE_2,STORE_2_252,2011-12-29,27
STORE_2,STORE_2_252,2011-12-30,34
STORE_2,STORE_2_252,2011-12-31,37
STORE_2,STORE_2_252,2012-01-01,34
STORE_2,STORE_2_252,2012-01-02,35
STORE_2,STORE_2_252,2012-01-03,28
STORE_2,STORE_2_252,2012-01-04,44
STORE_2,STORE_2_252,2012-01-05,31
STORE_2,STORE_2_252,2012-01-06,35
STORE_2,STORE_2_252,2012-01-07,47
STORE_2,STORE_2_252,2012-01-08,43
STORE_2,STORE_2_252,2012-01-09,26
STORE_2,STORE_2_252,2012-01-10,26
STORE_2,STORE_2_252,2012-01-11,25
STORE_2,STORE_2_252,2012-01-12,23
STORE_2,STORE_2_252,2012-01-13,25
STORE_2,STORE_2_252,2012-01-14,36
STORE_2,STORE_2_252,2012-01-15,27
STORE_2,STORE_2_252,2012-01-16,23
STORE_2,STORE_2_252,2012-01-17,24
STORE_2,STORE_2_252,2012-01-18,19
STORE_2,STORE_2_252,2012-01-19,18
STORE_2,STORE_2_252,2012-01-20,21
STORE_2,STORE_2_252,2012-01-21,36
STORE_2,STORE_2_252,2012-01-22,35
STORE_2,STORE_2_252,2012-01-23,20
STORE_2,STORE_2_252,2012-01-24,17
STORE_2,STORE_2_252,2012-01-25,20
STORE_2,STORE_2_252,2012-01-26,28
STORE_2,STORE_2_252,2012-01-27,32
STORE_2,STORE_2_252,2012-01-28,32
STORE_2,STORE_2_252,2012-01-29,41
STORE_2,STORE_2_252,2012-01-30,28
STORE_2,STORE_2_252,2012-01-31,27
STORE_2,STORE_2_252,2012-02-01,29
STORE_2,STORE_2_252,2012-02-02,24
STORE_2,STORE_2_252,2012-02-03,33
STORE_2,STORE_2_252,2012-02-04,41
STORE_2,STORE_2_252,2012-02-05,42
STORE_2,STORE_2_252,2012-02-06,37
STORE_2,STORE_2_252,2012-02-07,19
STORE_2,STORE_2_252,2012-02-08,25
STORE_2,STORE_2_252,2012-02-09,40
STORE_2,STORE_2_252,2012-02-10,34
STORE_2,STORE_2_252,2012-02-11,49
STORE_2,STORE_2_252,2012-02-12,45
STORE_2,STORE_2_252,2012-02-13,31
STORE_2,STORE_2_252,2012-02-14,21
STORE_2,STORE_2_252,2012-02-15,39
STORE_2,STORE_2_252,2012-02-16,35
STORE_2,STORE_2_252,2012-02-17,33
STORE_2,STORE_2_252,2012-02-18,43
STORE_2,STORE_2_252,2012-02-19,28
STORE_2,STORE_2_252,2012-02-20,36
STORE_2,STORE_2_252,2012-02-21,23
STORE_2,STORE_2_252,2012-02-22,28
STORE_2,STORE_2_252,2012-02-23,31
STORE_2,STORE_2_252,2012-02-24,28
STORE_2,STORE_2_252,2012-02-25,34
STORE_2,STORE_2_252,2012-02-26,32
STORE_2,STORE_2_252,2012-02-27,27
STORE_2,STORE_2_252,2012-02-28,29
STORE_2,STORE_2_252,2012-02-29,16
STORE_2,STORE_2_252,2012-03-01,33
STORE_2,STORE_2_252,2012-03-02,53
STORE_2,STORE_2_252,2012-03-03,49
STORE_2,STORE_2_252,2012-03-04,42
STORE_2,STORE_2_252,2012-03-05,25
STORE_2,STORE_2_252,2012-03-06,28
STORE_2,STORE_2_252,2012-03-07,24
STORE_2,STORE_2_252,2012-03-08,42
STORE_2,STORE_2_252,2012-03-09,40
STORE_2,STORE_2_252,2012-03-10,47
STORE_2,STORE_2_252,2012-03-11,42
STORE_2,STORE_2_252,2012-03-12,30
STORE_2,STORE_2_252,2012-03-13,22
STORE_2,STORE_2_252,2012-03-14,27
STORE_2,STORE_2_252,2012-03-15,20
STORE_2,STORE_2_252,2012-03-16,36
STORE_2,STORE_2_252,2012-03-17,44
STORE_2,STORE_2_252,2012-03-18,43
STORE_2,STORE_2_252,2012-03-19,29
STORE_2,STORE_2_252,2012-03-20,30
STORE_2,STORE_2_252,2012-03-21,36
STORE_2,STORE_2_252,2012-03-22,39
STORE_2,STORE_2_252,2012-03-23,40
STORE_2,STORE_2_252,2012-03-24,42
STORE_2,STORE_2_252,2012-03-25,56
STORE_2,STORE_2_252,2012-03-26,17
STORE_2,STORE_2_252,2012-03-27,21
STORE_2,STORE_2_252,2012-03-28,32
STORE_2,STORE_2_252,2012-03-29,22
STORE_2,STORE_2_252,2012-03-30,44
STORE_2,STORE_2_252,2012-03-31,47
STORE_2,STORE_2_252,2012-04-01,55
STORE_2,STORE_2_252,2012-04-02,46
STORE_2,STORE_2_252,2012-04-03,42
STORE_2,STORE_2_252,2012-04-04,40
STORE_2,STORE_2_252,2012-04-05,30
STORE_2,STORE_2_252,2012-04-06,37
STORE_2,STORE_2_252,2012-04-07,58
STORE_2,STORE_2_252,2012-04-08,62
STORE_2,STORE_2_252,2012-04-09,30
STORE_2,STORE_2_252,2012-04-10,20
STORE_2,STORE_2_252,2012-04-11,21
STORE_2,STORE_2_252,2012-04-12,26
STORE_2,STORE_2_252,2012-04-13,22
STORE_2,STORE_2_252,2012-04-14,47
STORE_2,STORE_2_252,2012-04-15,39
STORE_2,STORE_2_252,2012-04-16,34
STORE_2,STORE_2_252,2012-04-17,36
STORE_2,STORE_2_252,2012-04-18,27
STORE_2,STORE_2_252,2012-04-19,40
STORE_2,STORE_2_252,2012-04-20,50
STORE_2,STORE_2_252,2012-04-21,85
STORE_2,STORE_2_252,2012-04-22,67
STORE_2,STORE_2_252,2012-04-23,24
STORE_2,STORE_2_252,2012-04-24,35
STORE_2,STORE_2_252,2012-04-25,23
STORE_2,STORE_2_252,2012-04-26,20
STORE_2,STORE_2_252,2012-04-27,47
STORE_2,STORE_2_252,2012-04-28,54
STORE_2,STORE_2_252,2012-04-29,60
STORE_2,STORE_2_252,2012-04-30,22
STORE_2,STORE_2_252,2012-05-01,40
STORE_2,STORE_2_252,2012-05-02,40
STORE_2,STORE_2_252,2012-05-03,29
STORE_2,STORE_2_252,2012-05-04,53
STORE_2,STORE_2_252,2012-05-05,41
STORE_2,STORE_2_252,2012-05-06,47
STORE_2,STORE_2_252,2012-05-07,59
STORE_2,STORE_2_252,2012-05-08,54
STORE_2,STORE_2_252,2012-05-09,25
STORE_2,STORE_2_252,2012-05-10,40
STORE_2,STORE_2_252,2012-05-11,43
STORE_2,STORE_2_252,2012-05-12,45
STORE_2,STORE_2_252,2012-05-13,42
STORE_2,STORE_2_252,2012-05-14,28
STORE_2,STORE_2_252,2012-05-15,46
STORE_2,STORE_2_252,2012-05-16,38
STORE_2,STORE_2_252,2012-05-17,22
STORE_2,STORE_2_252,2012-05-18,40
STORE_2,STORE_2_252,2012-05-19,54
STORE_2,STORE_2_252,2012-05-20,42
STORE_2,STORE_2_252,2012-05-21,30
STORE_2,STORE_2_252,2012-05-22,29
STORE_2,STORE_2_252,2012-05-23,20
STORE_2,STORE_2_252,2012-05-24,38
STORE_2,STORE_2_252,2012-05-25,31
STORE_2,STORE_2_252,2012-05-26,37
STORE_2,STORE_2_252,2012-05-27,30
STORE_2,STORE_2_252,2012-05-28,37
STORE_2,STORE_2_252,2012-05-29,24
STORE_2,STORE_2_252,2012-05-30,30
STORE_2,STORE_2_252,2012-05-31,55
STORE_2,STORE_2_252,2012-06-01,58
STORE_2,STORE_2_252,2012-06-02,58
STORE_2,STORE_2_252,2012-06-03,53
STORE_2,STORE_2_252,2012-06-04,31
STORE_2,STORE_2_252,2012-06-05,32
STORE_2,STORE_2_252,2012-06-06,29
STORE_2,STORE_2_252,2012-06-07,47
STORE_2,STORE_2_252,2012-06-08,35
STORE_2,STORE_2_252,2012-06-09,50
STORE_2,STORE_2_252,2012-06-10,64
STORE_2,STORE_2_252,2012-06-11,84
STORE_2,STORE_2_252,2012-06-12,41
STORE_2,STORE_2_252,2012-06-13,29
STORE_2,STORE_2_252,2012-06-14,42
STORE_2,STORE_2_252,2012-06-15,48
STORE_2,STORE_2_252,2012-06-16,118
STORE_2,STORE_2_252,2012-06-17,65
STORE_2,STORE_2_252,2012-06-18,53
STORE_2,STORE_2_252,2012-06-19,29
STORE_2,STORE_2_252,2012-06-20,40
STORE_2,STORE_2_252,2012-06-21,30
STORE_2,STORE_2_252,2012-06-22,33
STORE_2,STORE_2_252,2012-06-23,36
STORE_2,STORE_2_252,2012-06-24,43
STORE_2,STORE_2_252,2012-06-25,44
STORE_2,STORE_2_252,2012-06-26,29
STORE_2,STORE_2_252,2012-06-27,30
STORE_2,STORE_2_252,2012-06-28,24
STORE_2,STORE_2_252,2012-06-29,32
STORE_2,STORE_2_252,2012-06-30,40
STORE_2,STORE_2_252,2012-07-01,49
STORE_2,STORE_2_252,2012-07-02,50
STORE_2,STORE_2_252,2012-07-03,39
STORE_2,STORE_2_252,2012-07-04,52
STORE_2,STORE_2_252,2012-07-05,41
STORE_2,STORE_2_252,2012-07-06,47
STORE_2,STORE_2_252,2012-07-07,71
STORE_2,STORE_2_252,2012-07-08,58
STORE_2,STORE_2_252,2012-07-09,26
STORE_2,STORE_2_252,2012-07-10,34
STORE_2,STORE_2_252,2012-07-11,47
STORE_2,STORE_2_252,2012-07-12,38
STORE_2,STORE_2_252,2012-07-13,35
STORE_2,STORE_2_252,2012-07-14,41
STORE_2,STORE_2_252,2012-07-15,55
STORE_2,STORE_2_252,2012-07-16,33
STORE_2,STORE_2_252,2012-07-17,20
STORE_2,STORE_2_252,2012-07-18,29
STORE_2,STORE_2_252,2012-07-19,29
STORE_2,STORE_2_252,2012-07-20,39
STORE_2,STORE_2_252,2012-07-21,70
STORE_2,STORE_2_252,2012-07-22,51
STORE_2,STORE_2_252,2012-07-23,45
STORE_2,STORE_2_252,2012-07-24,33
STORE_2,STORE_2_252,2012-07-25,30
STORE_2,STORE_2_252,2012-07-26,27
STORE_2,STORE_2_252,2012-07-27,35
STORE_2,STORE_2_252,2012-07-28,42
STORE_2,STORE_2_252,2012-07-29,39
STORE_2,STORE_2_252,2012-07-30,32
STORE_2,STORE_2_252,2012-07-31,40
STORE_2,STORE_2_252,2012-08-01,37
STORE_2,STORE_2_252,2012-08-02,40
STORE_2,STORE_2_252,2012-08-03,52
STORE_2,STORE_2_252,2012-08-04,40
STORE_2,STORE_2_252,2012-08-05,49
STORE_2,STORE_2_252,2012-08-06,35
STORE_2,STORE_2_252,2012-08-07,46
STORE_2,STORE_2_252,2012-08-08,42
STORE_2,STORE_2_252,2012-08-09,55
STORE_2,STORE_2_252,2012-08-10,70
STORE_2,STORE_2_252,2012-08-11,63
STORE_2,STORE_2_252,2012-08-12,59
STORE_2,STORE_2_252,2012-08-13,60
STORE_2,STORE_2_252,2012-08-14,59
STORE_2,STORE_2_252,2012-08-15,38
STORE_2,STORE_2_252,2012-08-16,47
STORE_2,STORE_2_252,2012-08-17,45
STORE_2,STORE_2_252,2012-08-18,58
STORE_2,STORE_2_252,2012-08-19,66
STORE_2,STORE_2_252,2012-08-20,47
STORE_2,STORE_2_252,2012-08-21,35
STORE_2,STORE_2_252,2012-08-22,33
STORE_2,STORE_2_252,2012-08-23,28
STORE_2,STORE_2_252,2012-08-24,40
STORE_2,STORE_2_252,2012-08-25,47
STORE_2,STORE_2_252,2012-08-26,44
STORE_2,STORE_2_252,2012-08-27,39
STORE_2,STORE_2_252,2012-08-28,25
STORE_2,STORE_2_252,2012-08-29,42
STORE_2,STORE_2_252,2012-08-30,29
STORE_2,STORE_2_252,2012-08-31,41
STORE_2,STORE_2_252,2012-09-01,40
STORE_2,STORE_2_252,2012-09-02,53
STORE_2,STORE_2_252,2012-09-03,55
STORE_2,STORE_2_252,2012-09-04,42
STORE_2,STORE_2_252,2012-09-05,23
STORE_2,STORE_2_252,2012-09-06,27
STORE_2,STORE_2_252,2012-09-07,30
STORE_2,STORE_2_252,2012-09-08,48
STORE_2,STORE_2_252,2012-09-09,39
STORE_2,STORE_2_252,2012-09-10,39
STORE_2,STORE_2_252,2012-09-11,42
STORE_2,STORE_2_252,2012-09-12,35
STORE_2,STORE_2_252,2012-09-13,31
STORE_2,STORE_2_252,2012-09-14,28
STORE_2,STORE_2_252,2012-09-15,52
STORE_2,STORE_2_252,2012-09-16,55
STORE_2,STORE_2_252,2012-09-17,30
STORE_2,STORE_2_252,2012-09-18,35
STORE_2,STORE_2_252,2012-09-19,42
STORE_2,STORE_2_252,2012-09-20,29
STORE_2,STORE_2_252,2012-09-21,37
STORE_2,STORE_2_252,2012-09-22,60
STORE_2,STORE_2_252,2012-09-23,54
STORE_2,STORE_2_252,2012-09-24,37
STORE_2,STORE_2_252,2012-09-25,21
STORE_2,STORE_2_252,2012-09-26,24
STORE_2,STORE_2_252,2012-09-27,27
STORE_2,STORE_2_252,2012-09-28,48
STORE_2,STORE_2_252,2012-09-29,31
STORE_2,STORE_2_252,2012-09-30,48
STORE_2,STORE_2_252,2012-10-01,46
STORE_2,STORE_2_252,2012-10-02,62
STORE_2,STORE_2_252,2012-10-03,31
STORE_2,STORE_2_252,2012-10-04,18
STORE_2,STORE_2_252,2012-10-05,27
STORE_2,STORE_2_252,2012-10-06,56
STORE_2,STORE_2_252,2012-10-07,20
STORE_2,STORE_2_252,2012-10-08,10
STORE_2,STORE_2_252,2012-10-09,18
STORE_2,STORE_2_252,2012-10-10,36
STORE_2,STORE_2_252,2012-10-11,26
STORE_2,STORE_2_252,2012-10-12,21
STORE_2,STORE_2_252,2012-10-13,30
STORE_2,STORE_2_252,2012-10-14,38
STORE_2,STORE_2_252,2012-10-15,33
STORE_2,STORE_2_252,2012-10-16,27
STORE_2,STORE_2_252,2012-10-17,33
STORE_2,STORE_2_252,2012-10-18,39
STORE_2,STORE_2_252,2012-10-19,38
STORE_2,STORE_2_252,2012-10-20,26
STORE_2,STORE_2_252,2012-10-21,54
STORE_2,STORE_2_252,2012-10-22,23
STORE_2,STORE_2_252,2012-10-23,22
STORE_2,STORE_2_252,2012-10-24,27
STORE_2,STORE_2_252,2012-10-25,31
STORE_2,STORE_2_252,2012-10-26,39
STORE_2,STORE_2_252,2012-10-27,41
STORE_2,STORE_2_252,2012-10-28,50
STORE_2,STORE_2_252,2012-10-29,27
STORE_2,STORE_2_252,2012-10-30,23
STORE_2,STORE_2_252,2012-10-31,16
STORE_2,STORE_2_252,2012-11-01,37
STORE_2,STORE_2_252,2012-11-02,38
STORE_2,STORE_2_252,2012-11-03,54
STORE_2,STORE_2_252,2012-11-04,58
STORE_2,STORE_2_252,2012-11-05,44
STORE_2,STORE_2_252,2012-11-06,26
STORE_2,STORE_2_252,2012-11-07,21
STORE_2,STORE_2_252,2012-11-08,23
STORE_2,STORE_2_252,2012-11-09,30
STORE_2,STORE_2_252,2012-11-10,41
STORE_2,STORE_2_252,2012-11-11,35
STORE_2,STORE_2_252,2012-11-12,27
STORE_2,STORE_2_252,2012-11-13,32
STORE_2,STORE_2_252,2012-11-14,26
STORE_2,STORE_2_252,2012-11-15,21
STORE_2,STORE_2_252,2012-11-16,25
STORE_2,STORE_2_252,2012-11-17,41
STORE_2,STORE_2_252,2012-11-18,35
STORE_2,STORE_2_252,2012-11-19,24
STORE_2,STORE_2_252,2012-11-20,31
STORE_2,STORE_2_252,2012-11-21,29
STORE_2,STORE_2_252,2012-11-22,48
STORE_2,STORE_2_252,2012-11-23,71
STORE_2,STORE_2_252,2012-11-24,42
STORE_2,STORE_2_252,2012-11-25,32
STORE_2,STORE_2_252,2012-11-26,24
STORE_2,STORE_2_252,2012-11-27,20
STORE_2,STORE_2_252,2012-11-28,16
STORE_2,STORE_2_252,2012-11-29,24
STORE_2,STORE_2_252,2012-11-30,23
STORE_2,STORE_2_252,2012-12-01,41
STORE_2,STORE_2_252,2012-12-02,44
STORE_2,STORE_2_252,2012-12-03,38
STORE_2,STORE_2_252,2012-12-04,32
STORE_2,STORE_2_252,2012-12-05,36
STORE_2,STORE_2_252,2012-12-06,32
STORE_2,STORE_2_252,2012-12-07,35
STORE_2,STORE_2_252,2012-12-08,29
STORE_2,STORE_2_252,2012-12-09,43
STORE_2,STORE_2_252,2012-12-10,35
STORE_2,STORE_2_252,2012-12-11,25
STORE_2,STORE_2_252,2012-12-12,20
STORE_2,STORE_2_252,2012-12-13,33
STORE_2,STORE_2_252,2012-12-14,39
STORE_2,STORE_2_252,2012-12-15,41
STORE_2,STORE_2_252,2012-12-16,30
STORE_2,STORE_2_252,2012-12-17,24
STORE_2,STORE_2_252,2012-12-18,24
STORE_2,STORE_2_252,2012-12-19,27
STORE_2,STORE_2_252,2012-12-20,36
STORE_2,STORE_2_252,2012-12-21,43
STORE_2,STORE_2_252,2012-12-22,47
STORE_2,STORE_2_252,2012-12-23,52
STORE_2,STORE_2_252,2012-12-24,35
STORE_2,STORE_2_252,2012-12-25,0
STORE_2,STORE_2_252,2012-12-26,34
STORE_2,STORE_2_252,2012-12-27,33
STORE_2,STORE_2_252,2012-12-28,22
STORE_2,STORE_2_252,2012-12-29,38
STORE_2,STORE_2_252,2012-12-30,34
STORE_2,STORE_2_252,2012-12-31,32
STORE_2,STORE_2_252,2013-01-01,34
STORE_2,STORE_2_252,2013-01-02,27
STORE_2,STORE_2_252,2013-01-03,40
STORE_2,STORE_2_252,2013-01-04,49
STORE_2,STORE_2_252,2013-01-05,34
STORE_2,STORE_2_252,2013-01-06,28
STORE_2,STORE_2_252,2013-01-07,22
STORE_2,STORE_2_252,2013-01-08,23
STORE_2,STORE_2_252,2013-01-09,11
STORE_2,STORE_2_252,2013-01-10,19
STORE_2,STORE_2_252,2013-01-11,28
STORE_2,STORE_2_252,2013-01-12,36
STORE_2,STORE_2_252,2013-01-13,31
STORE_2,STORE_2_252,2013-01-14,23
STORE_2,STORE_2_252,2013-01-15,21
STORE_2,STORE_2_252,2013-01-16,17
STORE_2,STORE_2_252,2013-01-17,12
STORE_2,STORE_2_252,2013-01-18,23
STORE_2,STORE_2_252,2013-01-19,29
STORE_2,STORE_2_252,2013-01-20,31
STORE_2,STORE_2_252,2013-01-21,19
STORE_2,STORE_2_252,2013-01-22,40
STORE_2,STORE_2_252,2013-01-23,13
STORE_2,STORE_2_252,2013-01-24,29
STORE_2,STORE_2_252,2013-01-25,30
STORE_2,STORE_2_252,2013-01-26,23
STORE_2,STORE_2_252,2013-01-27,22
STORE_2,STORE_2_252,2013-01-28,19
STORE_2,STORE_2_252,2013-01-29,25
STORE_2,STORE_2_252,2013-01-30,13
STORE_2,STORE_2_252,2013-01-31,28
STORE_2,STORE_2_252,2013-02-01,28
STORE_2,STORE_2_252,2013-02-02,38
STORE_2,STORE_2_252,2013-02-03,23
STORE_2,STORE_2_252,2013-02-04,20
STORE_2,STORE_2_252,2013-02-05,26
STORE_2,STORE_2_252,2013-02-06,17
STORE_2,STORE_2_252,2013-02-07,21
STORE_2,STORE_2_252,2013-02-08,18
STORE_2,STORE_2_252,2013-02-09,31
STORE_2,STORE_2_252,2013-02-10,29
STORE_2,STORE_2_252,2013-02-11,31
STORE_2,STORE_2_252,2013-02-12,25
STORE_2,STORE_2_252,2013-02-13,32
STORE_2,STORE_2_252,2013-02-14,33
STORE_2,STORE_2_252,2013-02-15,32
STORE_2,STORE_2_252,2013-02-16,43
STORE_2,STORE_2_252,2013-02-17,52
STORE_2,STORE_2_252,2013-02-18,26
STORE_2,STORE_2_252,2013-02-19,25
STORE_2,STORE_2_252,2013-02-20,30
STORE_2,STORE_2_252,2013-02-21,18
STORE_2,STORE_2_252,2013-02-22,22
STORE_2,STORE_2_252,2013-02-23,54
STORE_2,STORE_2_252,2013-02-24,47
STORE_2,STORE_2_252,2013-02-25,28
STORE_2,STORE_2_252,2013-02-26,18
STORE_2,STORE_2_252,2013-02-27,30
STORE_2,STORE_2_252,2013-02-28,36
STORE_2,STORE_2_252,2013-03-01,34
STORE_2,STORE_2_252,2013-03-02,52
STORE_2,STORE_2_252,2013-03-03,64
STORE_2,STORE_2_252,2013-03-04,34
STORE_2,STORE_2_252,2013-03-05,43
STORE_2,STORE_2_252,2013-03-06,38
STORE_2,STORE_2_252,2013-03-07,26
STORE_2,STORE_2_252,2013-03-08,39
STORE_2,STORE_2_252,2013-03-09,49
STORE_2,STORE_2_252,2013-03-10,54
STORE_2,STORE_2_252,2013-03-11,40
STORE_2,STORE_2_252,2013-03-12,36
STORE_2,STORE_2_252,2013-03-13,35
STORE_2,STORE_2_252,2013-03-14,15
STORE_2,STORE_2_252,2013-03-15,28
STORE_2,STORE_2_252,2013-03-16,37
STORE_2,STORE_2_252,2013-03-17,40
STORE_2,STORE_2_252,2013-03-18,44
STORE_2,STORE_2_252,2013-03-19,26
STORE_2,STORE_2_252,2013-03-20,26
STORE_2,STORE_2_252,2013-03-21,39
STORE_2,STORE_2_252,2013-03-22,37
STORE_2,STORE_2_252,2013-03-23,45
STORE_2,STORE_2_252,2013-03-24,44
STORE_2,STORE_2_252,2013-03-25,29
STORE_2,STORE_2_252,2013-03-26,35
STORE_2,STORE_2_252,2013-03-27,17
STORE_2,STORE_2_252,2013-03-28,35
STORE_2,STORE_2_252,2013-03-29,40
STORE_2,STORE_2_252,2013-03-30,51
STORE_2,STORE_2_252,2013-03-31,27
STORE_2,STORE_2_252,2013-04-01,42
STORE_2,STORE_2_252,2013-04-02,36
STORE_2,STORE_2_252,2013-04-03,51
STORE_2,STORE_2_252,2013-04-04,42
STORE_2,STORE_2_252,2013-04-05,41
STORE_2,STORE_2_252,2013-04-06,40
STORE_2,STORE_2_252,2013-04-07,57
STORE_2,STORE_2_252,2013-04-08,48
STORE_2,STORE_2_252,2013-04-09,36
STORE_2,STORE_2_252,2013-04-10,61
STORE_2,STORE_2_252,2013-04-11,43
STORE_2,STORE_2_252,2013-04-12,47
STORE_2,STORE_2_252,2013-04-13,65
STORE_2,STORE_2_252,2013-04-14,42
STORE_2,STORE_2_252,2013-04-15,32
STORE_2,STORE_2_252,2013-04-16,33
STORE_2,STORE_2_252,2013-04-17,33
STORE_2,STORE_2_252,2013-04-18,25
STORE_2,STORE_2_252,2013-04-19,62
STORE_2,STORE_2_252,2013-04-20,35
STORE_2,STORE_2_252,2013-04-21,65
STORE_2,STORE_2_252,2013-04-22,78
STORE_2,STORE_2_252,2013-04-23,42
STORE_2,STORE_2_252,2013-04-24,30
STORE_2,STORE_2_252,2013-04-25,45
STORE_2,STORE_2_252,2013-04-26,51
STORE_2,STORE_2_252,2013-04-27,56
STORE_2,STORE_2_252,2013-04-28,69
STORE_2,STORE_2_252,2013-04-29,42
STORE_2,STORE_2_252,2013-04-30,48
STORE_2,STORE_2_252,2013-05-01,59
STORE_2,STORE_2_252,2013-05-02,56
STORE_2,STORE_2_252,2013-05-03,70
STORE_2,STORE_2_252,2013-05-04,62
STORE_2,STORE_2_252,2013-05-05,41
STORE_2,STORE_2_252,2013-05-06,46
STORE_2,STORE_2_252,2013-05-07,49
STORE_2,STORE_2_252,2013-05-08,34
STORE_2,STORE_2_252,2013-05-09,60
STORE_2,STORE_2_252,2013-05-10,48
STORE_2,STORE_2_252,2013-05-11,85
STORE_2,STORE_2_252,2013-05-12,63
STORE_2,STORE_2_252,2013-05-13,50
STORE_2,STORE_2_252,2013-05-14,41
STORE_2,STORE_2_252,2013-05-15,35
STORE_2,STORE_2_252,2013-05-16,26
STORE_2,STORE_2_252,2013-05-17,52
STORE_2,STORE_2_252,2013-05-18,49
STORE_2,STORE_2_252,2013-05-19,53
STORE_2,STORE_2_252,2013-05-20,50
STORE_2,STORE_2_252,2013-05-21,33
STORE_2,STORE_2_252,2013-05-22,36
STORE_2,STORE_2_252,2013-05-23,32
STORE_2,STORE_2_252,2013-05-24,29
STORE_2,STORE_2_252,2013-05-25,53
STORE_2,STORE_2_252,2013-05-26,38
STORE_2,STORE_2_252,2013-05-27,33
STORE_2,STORE_2_252,2013-05-28,29
STORE_2,STORE_2_252,2013-05-29,27
STORE_2,STORE_2_252,2013-05-30,29
STORE_2,STORE_2_252,2013-05-31,69
STORE_2,STORE_2_252,2013-06-01,90
STORE_2,STORE_2_252,2013-06-02,78
STORE_2,STORE_2_252,2013-06-03,50
STORE_2,STORE_2_252,2013-06-04,64
STORE_2,STORE_2_252,2013-06-05,38
STORE_2,STORE_2_252,2013-06-06,51
STORE_2,STORE_2_252,2013-06-07,87
STORE_2,STORE_2_252,2013-06-08,97
STORE_2,STORE_2_252,2013-06-09,53
STORE_2,STORE_2_252,2013-06-10,55
STORE_2,STORE_2_252,2013-06-11,32
STORE_2,STORE_2_252,2013-06-12,64
STORE_2,STORE_2_252,2013-06-13,38
STORE_2,STORE_2_252,2013-06-14,70
STORE_2,STORE_2_252,2013-06-15,46
STORE_2,STORE_2_252,2013-06-16,49
STORE_2,STORE_2_252,2013-06-17,44
STORE_2,STORE_2_252,2013-06-18,33
STORE_2,STORE_2_252,2013-06-19,33
STORE_2,STORE_2_252,2013-06-20,41
STORE_2,STORE_2_252,2013-06-21,32
STORE_2,STORE_2_252,2013-06-22,60
STORE_2,STORE_2_252,2013-06-23,46
STORE_2,STORE_2_252,2013-06-24,33
STORE_2,STORE_2_252,2013-06-25,35
STORE_2,STORE_2_252,2013-06-26,40
STORE_2,STORE_2_252,2013-06-27,52
STORE_2,STORE_2_252,2013-06-28,86
STORE_2,STORE_2_252,2013-06-29,101
STORE_2,STORE_2_252,2013-06-30,65
STORE_2,STORE_2_252,2013-07-01,72
STORE_2,STORE_2_252,2013-07-02,93
STORE_2,STORE_2_252,2013-07-03,53
STORE_2,STORE_2_252,2013-07-04,88
STORE_2,STORE_2_252,2013-07-05,47
STORE_2,STORE_2_252,2013-07-06,60
STORE_2,STORE_2_252,2013-07-07,31
STORE_2,STORE_2_252,2013-07-08,50
STORE_2,STORE_2_252,2013-07-09,59
STORE_2,STORE_2_252,2013-07-10,54
STORE_2,STORE_2_252,2013-07-11,46
STORE_2,STORE_2_252,2013-07-12,64
STORE_2,STORE_2_252,2013-07-13,77
STORE_2,STORE_2_252,2013-07-14,58
STORE_2,STORE_2_252,2013-07-15,45
STORE_2,STORE_2_252,2013-07-16,50
STORE_2,STORE_2_252,2013-07-17,44
STORE_2,STORE_2_252,2013-07-18,51
STORE_2,STORE_2_252,2013-07-19,38
STORE_2,STORE_2_252,2013-07-20,83
STORE_2,STORE_2_252,2013-07-21,83
STORE_2,STORE_2_252,2013-07-22,45
STORE_2,STORE_2_252,2013-07-23,31
STORE_2,STORE_2_252,2013-07-24,64
STORE_2,STORE_2_252,2013-07-25,43
STORE_2,STORE_2_252,2013-07-26,46
STORE_2,STORE_2_252,2013-07-27,62
STORE_2,STORE_2_252,2013-07-28,41
STORE_2,STORE_2_252,2013-07-29,52
STORE_2,STORE_2_252,2013-07-30,32
STORE_2,STORE_2_252,2013-07-31,34
STORE_2,STORE_2_252,2013-08-01,58
STORE_2,STORE_2_252,2013-08-02,52
STORE_2,STORE_2_252,2013-08-03,71
STORE_2,STORE_2_252,2013-08-04,80
STORE_2,STORE_2_252,2013-08-05,57
STORE_2,STORE_2_252,2013-08-06,45
STORE_2,STORE_2_252,2013-08-07,54
STORE_2,STORE_2_252,2013-08-08,39
STORE_2,STORE_2_252,2013-08-09,54
STORE_2,STORE_2_252,2013-08-10,64
STORE_2,STORE_2_252,2013-08-11,79
STORE_2,STORE_2_252,2013-08-12,73
STORE_2,STORE_2_252,2013-08-13,70
STORE_2,STORE_2_252,2013-08-14,66
STORE_2,STORE_2_252,2013-08-15,58
STORE_2,STORE_2_252,2013-08-16,78
STORE_2,STORE_2_252,2013-08-17,83
STORE_2,STORE_2_252,2013-08-18,121
STORE_2,STORE_2_252,2013-08-19,67
STORE_2,STORE_2_252,2013-08-20,74
STORE_2,STORE_2_252,2013-08-21,41
STORE_2,STORE_2_252,2013-08-22,45
STORE_2,STORE_2_252,2013-08-23,50
STORE_2,STORE_2_252,2013-08-24,57
STORE_2,STORE_2_252,2013-08-25,78
STORE_2,STORE_2_252,2013-08-26,35
STORE_2,STORE_2_252,2013-08-27,58
STORE_2,STORE_2_252,2013-08-28,44
STORE_2,STORE_2_252,2013-08-29,39
STORE_2,STORE_2_252,2013-08-30,82
STORE_2,STORE_2_252,2013-08-31,87
STORE_2,STORE_2_252,2013-09-01,72
STORE_2,STORE_2_252,2013-09-02,72
STORE_2,STORE_2_252,2013-09-03,53
STORE_2,STORE_2_252,2013-09-04,39
STORE_2,STORE_2_252,2013-09-05,44
STORE_2,STORE_2_252,2013-09-06,57
STORE_2,STORE_2_252,2013-09-07,102
STORE_2,STORE_2_252,2013-09-08,83
STORE_2,STORE_2_252,2013-09-09,76
STORE_2,STORE_2_252,2013-09-10,58
STORE_2,STORE_2_252,2013-09-11,47
STORE_2,STORE_2_252,2013-09-12,48
STORE_2,STORE_2_252,2013-09-13,51
STORE_2,STORE_2_252,2013-09-14,48
STORE_2,STORE_2_252,2013-09-15,71
STORE_2,STORE_2_252,2013-09-16,57
STORE_2,STORE_2_252,2013-09-17,34
STORE_2,STORE_2_252,2013-09-18,45
STORE_2,STORE_2_252,2013-09-19,48
STORE_2,STORE_2_252,2013-09-20,45
STORE_2,STORE_2_252,2013-09-21,42
STORE_2,STORE_2_252,2013-09-22,57
STORE_2,STORE_2_252,2013-09-23,31
STORE_2,STORE_2_252,2013-09-24,33
STORE_2,STORE_2_252,2013-09-25,29
STORE_2,STORE_2_252,2013-09-26,56
STORE_2,STORE_2_252,2013-09-27,44
STORE_2,STORE_2_252,2013-09-28,61
STORE_2,STORE_2_252,2013-09-29,56
STORE_2,STORE_2_252,2013-09-30,27
STORE_2,STORE_2_252,2013-10-01,34
STORE_2,STORE_2_252,2013-10-02,40
STORE_2,STORE_2_252,2013-10-03,40
STORE_2,STORE_2_252,2013-10-04,61
STORE_2,STORE_2_252,2013-10-05,72
STORE_2,STORE_2_252,2013-10-06,94
STORE_2,STORE_2_252,2013-10-07,53
STORE_2,STORE_2_252,2013-10-08,53
STORE_2,STORE_2_252,2013-10-09,37
STORE_2,STORE_2_252,2013-10-10,55
STORE_2,STORE_2_252,2013-10-11,40
STORE_2,STORE_2_252,2013-10-12,47
STORE_2,STORE_2_252,2013-10-13,68
STORE_2,STORE_2_252,2013-10-14,49
STORE_2,STORE_2_252,2013-10-15,40
STORE_2,STORE_2_252,2013-10-16,49
STORE_2,STORE_2_252,2013-10-17,39
STORE_2,STORE_2_252,2013-10-18,50
STORE_2,STORE_2_252,2013-10-19,56
STORE_2,STORE_2_252,2013-10-20,53
STORE_2,STORE_2_252,2013-10-21,33
STORE_2,STORE_2_252,2013-10-22,59
STORE_2,STORE_2_252,2013-10-23,46
STORE_2,STORE_2_252,2013-10-24,33
STORE_2,STORE_2_252,2013-10-25,46
STORE_2,STORE_2_252,2013-10-26,65
STORE_2,STORE_2_252,2013-10-27,50
STORE_2,STORE_2_252,2013-10-28,41
STORE_2,STORE_2_252,2013-10-29,36
STORE_2,STORE_2_252,2013-10-30,48
STORE_2,STORE_2_252,2013-10-31,54
STORE_2,STORE_2_252,2013-11-01,40
STORE_2,STORE_2_252,2013-11-02,53
STORE_2,STORE_2_252,2013-11-03,63
STORE_2,STORE_2_252,2013-11-04,33
STORE_2,STORE_2_252,2013-11-05,31
STORE_2,STORE_2_252,2013-11-06,40
STORE_2,STORE_2_252,2013-11-07,38
STORE_2,STORE_2_252,2013-11-08,53
STORE_2,STORE_2_252,2013-11-09,69
STORE_2,STORE_2_252,2013-11-10,60
STORE_2,STORE_2_252,2013-11-11,32
STORE_2,STORE_2_252,2013-11-12,27
STORE_2,STORE_2_252,2013-11-13,26
STORE_2,STORE_2_252,2013-11-14,35
STORE_2,STORE_2_252,2013-11-15,32
STORE_2,STORE_2_252,2013-11-16,44
STORE_2,STORE_2_252,2013-11-17,41
STORE_2,STORE_2_252,2013-11-18,35
STORE_2,STORE_2_252,2013-11-19,27
STORE_2,STORE_2_252,2013-11-20,28
STORE_2,STORE_2_252,2013-11-21,24
STORE_2,STORE_2_252,2013-11-22,42
STORE_2,STORE_2_252,2013-11-23,48
STORE_2,STORE_2_252,2013-11-24,40
STORE_2,STORE_2_252,2013-11-25,49
STORE_2,STORE_2_252,2013-11-26,34
STORE_2,STORE_2_252,2013-11-27,44
STORE_2,STORE_2_252,2013-11-28,98
STORE_2,STORE_2_252,2013-11-29,30
STORE_2,STORE_2_252,2013-11-30,57
STORE_2,STORE_2_252,2013-12-01,64
STORE_2,STORE_2_252,2013-12-02,29
STORE_2,STORE_2_252,2013-12-03,26
STORE_2,STORE_2_252,2013-12-04,35
STORE_2,STORE_2_252,2013-12-05,45
STORE_2,STORE_2_252,2013-12-06,60
STORE_2,STORE_2_252,2013-12-07,50
STORE_2,STORE_2_252,2013-12-08,51
STORE_2,STORE_2_252,2013-12-09,24
STORE_2,STORE_2_252,2013-12-10,34
STORE_2,STORE_2_252,2013-12-11,40
STORE_2,STORE_2_252,2013-12-12,32
STORE_2,STORE_2_252,2013-12-13,48
STORE_2,STORE_2_252,2013-12-14,55
STORE_2,STORE_2_252,2013-12-15,61
STORE_2,STORE_2_252,2013-12-16,40
STORE_2,STORE_2_252,2013-12-17,34
STORE_2,STORE_2_252,2013-12-18,35
STORE_2,STORE_2_252,2013-12-19,48
STORE_2,STORE_2_252,2013-12-20,55
STORE_2,STORE_2_252,2013-12-21,79
STORE_2,STORE_2_252,2013-12-22,70
STORE_2,STORE_2_252,2013-12-23,44
STORE_2,STORE_2_252,2013-12-24,37
STORE_2,STORE_2_252,2013-12-25,0
STORE_2,STORE_2_252,2013-12-26,37
STORE_2,STORE_2_252,2013-12-27,41
STORE_2,STORE_2_252,2013-12-28,52
STORE_2,STORE_2_252,2013-12-29,52
STORE_2,STORE_2_252,2013-12-30,44
STORE_2,STORE_2_252,2013-12-31,38
STORE_2,STORE_2_252,2014-01-01,31
STORE_2,STORE_2_252,2014-01-02,45
STORE_2,STORE_2_252,2014-01-03,53
STORE_2,STORE_2_252,2014-01-04,46
STORE_2,STORE_2_252,2014-01-05,56
STORE_2,STORE_2_252,2014-01-06,36
STORE_2,STORE_2_252,2014-01-07,32
STORE_2,STORE_2_252,2014-01-08,25
STORE_2,STORE_2_252,2014-01-09,33
STORE_2,STORE_2_252,2014-01-10,41
STORE_2,STORE_2_252,2014-01-11,53
STORE_2,STORE_2_252,2014-01-12,42
STORE_2,STORE_2_252,2014-01-13,30
STORE_2,STORE_2_252,2014-01-14,29
STORE_2,STORE_2_252,2014-01-15,30
STORE_2,STORE_2_252,2014-01-16,28
STORE_2,STORE_2_252,2014-01-17,42
STORE_2,STORE_2_252,2014-01-18,44
STORE_2,STORE_2_252,2014-01-19,41
STORE_2,STORE_2_252,2014-01-20,29
STORE_2,STORE_2_252,2014-01-21,26
STORE_2,STORE_2_252,2014-01-22,29
STORE_2,STORE_2_252,2014-01-23,24
STORE_2,STORE_2_252,2014-01-24,31
STORE_2,STORE_2_252,2014-01-25,53
STORE_2,STORE_2_252,2014-01-26,44
STORE_2,STORE_2_252,2014-01-27,36
STORE_2,STORE_2_252,2014-01-28,42
STORE_2,STORE_2_252,2014-01-29,27
STORE_2,STORE_2_252,2014-01-30,30
STORE_2,STORE_2_252,2014-01-31,37
STORE_2,STORE_2_252,2014-02-01,47
STORE_2,STORE_2_252,2014-02-02,20
STORE_2,STORE_2_252,2014-02-03,35
STORE_2,STORE_2_252,2014-02-04,32
STORE_2,STORE_2_252,2014-02-05,30
STORE_2,STORE_2_252,2014-02-06,29
STORE_2,STORE_2_252,2014-02-07,28
STORE_2,STORE_2_252,2014-02-08,65
STORE_2,STORE_2_252,2014-02-09,39
STORE_2,STORE_2_252,2014-02-10,39
STORE_2,STORE_2_252,2014-02-11,35
STORE_2,STORE_2_252,2014-02-12,36
STORE_2,STORE_2_252,2014-02-13,65
STORE_2,STORE_2_252,2014-02-14,47
STORE_2,STORE_2_252,2014-02-15,41
STORE_2,STORE_2_252,2014-02-16,55
STORE_2,STORE_2_252,2014-02-17,45
STORE_2,STORE_2_252,2014-02-18,34
STORE_2,STORE_2_252,2014-02-19,37
STORE_2,STORE_2_252,2014-02-20,37
STORE_2,STORE_2_252,2014-02-21,61
STORE_2,STORE_2_252,2014-02-22,57
STORE_2,STORE_2_252,2014-02-23,50
STORE_2,STORE_2_252,2014-02-24,38
STORE_2,STORE_2_252,2014-02-25,45
STORE_2,STORE_2_252,2014-02-26,17
STORE_2,STORE_2_252,2014-02-27,37
STORE_2,STORE_2_252,2014-02-28,24
STORE_2,STORE_2_252,2014-03-01,60
STORE_2,STORE_2_252,2014-03-02,51
STORE_2,STORE_2_252,2014-03-03,28
STORE_2,STORE_2_252,2014-03-04,38
STORE_2,STORE_2_252,2014-03-05,53
STORE_2,STORE_2_252,2014-03-06,35
STORE_2,STORE_2_252,2014-03-07,48
STORE_2,STORE_2_252,2014-03-08,68
STORE_2,STORE_2_252,2014-03-09,97
STORE_2,STORE_2_252,2014-03-10,43
STORE_2,STORE_2_252,2014-03-11,50
STORE_2,STORE_2_252,2014-03-12,53
STORE_2,STORE_2_252,2014-03-13,42
STORE_2,STORE_2_252,2014-03-14,50
STORE_2,STORE_2_252,2014-03-15,84
STORE_2,STORE_2_252,2014-03-16,55
STORE_2,STORE_2_252,2014-03-17,37
STORE_2,STORE_2_252,2014-03-18,38
STORE_2,STORE_2_252,2014-03-19,46
STORE_2,STORE_2_252,2014-03-20,20
STORE_2,STORE_2_252,2014-03-21,49
STORE_2,STORE_2_252,2014-03-22,56
STORE_2,STORE_2_252,2014-03-23,37
STORE_2,STORE_2_252,2014-03-24,38
STORE_2,STORE_2_252,2014-03-25,29
STORE_2,STORE_2_252,2014-03-26,31
STORE_2,STORE_2_252,2014-03-27,37
STORE_2,STORE_2_252,2014-03-28,39
STORE_2,STORE_2_252,2014-03-29,39
STORE_2,STORE_2_252,2014-03-30,48
STORE_2,STORE_2_252,2014-03-31,21
STORE_2,STORE_2_252,2014-04-01,25
STORE_2,STORE_2_252,2014-04-02,31
STORE_2,STORE_2_252,2014-04-03,44
STORE_2,STORE_2_252,2014-04-04,31
STORE_2,STORE_2_252,2014-04-05,48
STORE_2,STORE_2_252,2014-04-06,57
STORE_2,STORE_2_252,2014-04-07,75
STORE_2,STORE_2_252,2014-04-08,73
STORE_2,STORE_2_252,2014-04-09,51
STORE_2,STORE_2_252,2014-04-10,56
STORE_2,STORE_2_252,2014-04-11,46
STORE_2,STORE_2_252,2014-04-12,61
STORE_2,STORE_2_252,2014-04-13,62
STORE_2,STORE_2_252,2014-04-14,54
STORE_2,STORE_2_252,2014-04-15,59
STORE_2,STORE_2_252,2014-04-16,58
STORE_2,STORE_2_252,2014-04-17,20
STORE_2,STORE_2_252,2014-04-18,0
STORE_2,STORE_2_252,2014-04-19,65
STORE_2,STORE_2_252,2014-04-20,84
STORE_2,STORE_2_252,2014-04-21,42
STORE_2,STORE_2_252,2014-04-22,29
STORE_2,STORE_2_252,2014-04-23,40
STORE_2,STORE_2_252,2014-04-24,30
STORE_2,STORE_2_252,2014-04-25,35
STORE_2,STORE_2_252,2014-04-26,45
STORE_2,STORE_2_252,2014-04-27,52
STORE_2,STORE_2_252,2014-04-28,39
STORE_2,STORE_2_252,2014-04-29,43
STORE_2,STORE_2_252,2014-04-30,49
STORE_2,STORE_2_252,2014-05-01,63
STORE_2,STORE_2_252,2014-05-02,66
STORE_2,STORE_2_252,2014-05-03,58
STORE_2,STORE_2_252,2014-05-04,51
STORE_2,STORE_2_252,2014-05-05,37
STORE_2,STORE_2_252,2014-05-06,38
STORE_2,STORE_2_252,2014-05-07,48
STORE_2,STORE_2_252,2014-05-08,41
STORE_2,STORE_2_252,2014-05-09,46
STORE_2,STORE_2_252,2014-05-10,56
STORE_2,STORE_2_252,2014-05-11,64
STORE_2,STORE_2_252,2014-05-12,65
STORE_2,STORE_2_252,2014-05-13,88
STORE_2,STORE_2_252,2014-05-14,71
STORE_2,STORE_2_252,2014-05-15,63
STORE_2,STORE_2_252,2014-05-16,59
STORE_2,STORE_2_252,2014-05-17,57
STORE_2,STORE_2_252,2014-05-18,45
STORE_2,STORE_2_252,2014-05-19,34
STORE_2,STORE_2_252,2014-05-20,41
STORE_2,STORE_2_252,2014-05-21,32
STORE_2,STORE_2_252,2014-05-22,46
STORE_2,STORE_2_252,2014-05-23,54
STORE_2,STORE_2_252,2014-05-24,68
STORE_2,STORE_2_252,2014-05-25,63
STORE_2,STORE_2_252,2014-05-26,55
STORE_2,STORE_2_252,2014-05-27,24
STORE_2,STORE_2_252,2014-05-28,44
STORE_2,STORE_2_252,2014-05-29,40
STORE_2,STORE_2_252,2014-05-30,42
STORE_2,STORE_2_252,2014-05-31,69
STORE_2,STORE_2_252,2014-06-01,64
STORE_2,STORE_2_252,2014-06-02,44
STORE_2,STORE_2_252,2014-06-03,53
STORE_2,STORE_2_252,2014-06-04,67
STORE_2,STORE_2_252,2014-06-05,68
STORE_2,STORE_2_252,2014-06-06,61
STORE_2,STORE_2_252,2014-06-07,83
STORE_2,STORE_2_252,2014-06-08,66
STORE_2,STORE_2_252,2014-06-09,92
STORE_2,STORE_2_252,2014-06-10,58
STORE_2,STORE_2_252,2014-06-11,53
STORE_2,STORE_2_252,2014-06-12,51
STORE_2,STORE_2_252,2014-06-13,58
STORE_2,STORE_2_252,2014-06-14,83
STORE_2,STORE_2_252,2014-06-15,57
STORE_2,STORE_2_252,2014-06-16,36
STORE_2,STORE_2_252,2014-06-17,46
STORE_2,STORE_2_252,2014-06-18,49
STORE_2,STORE_2_252,2014-06-19,37
STORE_2,STORE_2_252,2014-06-20,76
STORE_2,STORE_2_252,2014-06-21,50
STORE_2,STORE_2_252,2014-06-22,53
STORE_2,STORE_2_252,2014-06-23,46
STORE_2,STORE_2_252,2014-06-24,47
STORE_2,STORE_2_252,2014-06-25,43
STORE_2,STORE_2_252,2014-06-26,35
STORE_2,STORE_2_252,2014-06-27,41
STORE_2,STORE_2_252,2014-06-28,64
STORE_2,STORE_2_252,2014-06-29,56
STORE_2,STORE_2_252,2014-06-30,68
STORE_2,STORE_2_252,2014-07-01,54
STORE_2,STORE_2_252,2014-07-02,52
STORE_2,STORE_2_252,2014-07-03,70
STORE_2,STORE_2_252,2014-07-04,50
STORE_2,STORE_2_252,2014-07-05,69
STORE_2,STORE_2_252,2014-07-06,73
STORE_2,STORE_2_252,2014-07-07,59
STORE_2,STORE_2_252,2014-07-08,46
STORE_2,STORE_2_252,2014-07-09,61
STORE_2,STORE_2_252,2014-07-10,47
STORE_2,STORE_2_252,2014-07-11,43
STORE_2,STORE_2_252,2014-07-12,53
STORE_2,STORE_2_252,2014-07-13,65
STORE_2,STORE_2_252,2014-07-14,47
STORE_2,STORE_2_252,2014-07-15,53
STORE_2,STORE_2_252,2014-07-16,36
STORE_2,STORE_2_252,2014-07-17,28
STORE_2,STORE_2_252,2014-07-18,50
STORE_2,STORE_2_252,2014-07-19,47
STORE_2,STORE_2_252,2014-07-20,54
STORE_2,STORE_2_252,2014-07-21,39
STORE_2,STORE_2_252,2014-07-22,52
STORE_2,STORE_2_252,2014-07-23,48
STORE_2,STORE_2_252,2014-07-24,50
STORE_2,STORE_2_252,2014-07-25,72
STORE_2,STORE_2_252,2014-07-26,67
STORE_2,STORE_2_252,2014-07-27,90
STORE_2,STORE_2_252,2014-07-28,56
STORE_2,STORE_2_252,2014-07-29,69
STORE_2,STORE_2_252,2014-07-30,42
STORE_2,STORE_2_252,2014-07-31,48
STORE_2,STORE_2_252,2014-08-01,65
STORE_2,STORE_2_252,2014-08-02,45
STORE_2,STORE_2_252,2014-08-03,55
STORE_2,STORE_2_252,2014-08-04,59
STORE_2,STORE_2_252,2014-08-05,53
STORE_2,STORE_2_252,2014-08-06,73
STORE_2,STORE_2_252,2014-08-07,59
STORE_2,STORE_2_252,2014-08-08,57
STORE_2,STORE_2_252,2014-08-09,55
STORE_2,STORE_2_252,2014-08-10,51
STORE_2,STORE_2_252,2014-08-11,75
STORE_2,STORE_2_252,2014-08-12,56
STORE_2,STORE_2_252,2014-08-13,55
STORE_2,STORE_2_252,2014-08-14,41
STORE_2,STORE_2_252,2014-08-15,56
STORE_2,STORE_2_252,2014-08-16,72
STORE_2,STORE_2_252,2014-08-17,70
STORE_2,STORE_2_252,2014-08-18,56
STORE_2,STORE_2_252,2014-08-19,44
STORE_2,STORE_2_252,2014-08-20,43
STORE_2,STORE_2_252,2014-08-21,52
STORE_2,STORE_2_252,2014-08-22,57
STORE_2,STORE_2_252,2014-08-23,102
STORE_2,STORE_2_252,2014-08-24,71
STORE_2,STORE_2_252,2014-08-25,35
STORE_2,STORE_2_252,2014-08-26,30
STORE_2,STORE_2_252,2014-08-27,38
STORE_2,STORE_2_252,2014-08-28,29
STORE_2,STORE_2_252,2014-08-29,42
STORE_2,STORE_2_252,2014-08-30,47
STORE_2,STORE_2_252,2014-08-31,38
STORE_2,STORE_2_252,2014-09-01,53
STORE_2,STORE_2_252,2014-09-02,49
STORE_2,STORE_2_252,2014-09-03,54
STORE_2,STORE_2_252,2014-09-04,39
STORE_2,STORE_2_252,2014-09-05,31
STORE_2,STORE_2_252,2014-09-06,37
STORE_2,STORE_2_252,2014-09-07,51
STORE_2,STORE_2_252,2014-09-08,26
STORE_2,STORE_2_252,2014-09-09,34
STORE_2,STORE_2_252,2014-09-10,47
STORE_2,STORE_2_252,2014-09-11,46
STORE_2,STORE_2_252,2014-09-12,55
STORE_2,STORE_2_252,2014-09-13,62
STORE_2,STORE_2_252,2014-09-14,70
STORE_2,STORE_2_252,2014-09-15,40
STORE_2,STORE_2_252,2014-09-16,47
STORE_2,STORE_2_252,2014-09-17,53
STORE_2,STORE_2_252,2014-09-18,33
STORE_2,STORE_2_252,2014-09-19,40
STORE_2,STORE_2_252,2014-09-20,70
STORE_2,STORE_2_252,2014-09-21,44
STORE_2,STORE_2_252,2014-09-22,40
STORE_2,STORE_2_252,2014-09-23,25
STORE_2,STORE_2_252,2014-09-24,30
STORE_2,STORE_2_252,2014-09-25,31
STORE_2,STORE_2_252,2014-09-26,38
STORE_2,STORE_2_252,2014-09-27,49
STORE_2,STORE_2_252,2014-09-28,45
STORE_2,STORE_2_252,2014-09-29,25
STORE_2,STORE_2_252,2014-09-30,35
STORE_2,STORE_2_252,2014-10-01,43
STORE_2,STORE_2_252,2014-10-02,38
STORE_2,STORE_2_252,2014-10-03,62
STORE_2,STORE_2_252,2014-10-04,88
STORE_2,STORE_2_252,2014-10-05,93
STORE_2,STORE_2_252,2014-10-06,61
STORE_2,STORE_2_252,2014-10-07,45
STORE_2,STORE_2_252,2014-10-08,44
STORE_2,STORE_2_252,2014-10-09,37
STORE_2,STORE_2_252,2014-10-10,35
STORE_2,STORE_2_252,2014-10-11,48
STORE_2,STORE_2_252,2014-10-12,71
STORE_2,STORE_2_252,2014-10-13,51
STORE_2,STORE_2_252,2014-10-14,32
STORE_2,STORE_2_252,2014-10-15,34
STORE_2,STORE_2_252,2014-10-16,31
STORE_2,STORE_2_252,2014-10-17,44
STORE_2,STORE_2_252,2014-10-18,41
STORE_2,STORE_2_252,2014-10-19,57
STORE_2,STORE_2_252,2014-10-20,31
STORE_2,STORE_2_252,2014-10-21,31
STORE_2,STORE_2_252,2014-10-22,25
STORE_2,STORE_2_252,2014-10-23,29
STORE_2,STORE_2_252,2014-10-24,40
STORE_2,STORE_2_252,2014-10-25,45
STORE_2,STORE_2_252,2014-10-26,40
STORE_2,STORE_2_252,2014-10-27,35
STORE_2,STORE_2_252,2014-10-28,26
STORE_2,STORE_2_252,2014-10-29,41
STORE_2,STORE_2_252,2014-10-30,42
STORE_2,STORE_2_252,2014-10-31,39
STORE_2,STORE_2_252,2014-11-01,54
STORE_2,STORE_2_252,2014-11-02,40
STORE_2,STORE_2_252,2014-11-03,29
STORE_2,STORE_2_252,2014-11-04,38
STORE_2,STORE_2_252,2014-11-05,19
STORE_2,STORE_2_252,2014-11-06,35
STORE_2,STORE_2_252,2014-11-07,35
STORE_2,STORE_2_252,2014-11-08,66
STORE_2,STORE_2_252,2014-11-09,52
STORE_2,STORE_2_252,2014-11-10,24
STORE_2,STORE_2_252,2014-11-11,29
STORE_2,STORE_2_252,2014-11-12,19
STORE_2,STORE_2_252,2014-11-13,15
STORE_2,STORE_2_252,2014-11-14,38
STORE_2,STORE_2_252,2014-11-15,39
STORE_2,STORE_2_252,2014-11-16,48
STORE_2,STORE_2_252,2014-11-17,22
STORE_2,STORE_2_252,2014-11-18,28
STORE_2,STORE_2_252,2014-11-19,36
STORE_2,STORE_2_252,2014-11-20,33
STORE_2,STORE_2_252,2014-11-21,36
STORE_2,STORE_2_252,2014-11-22,52
STORE_2,STORE_2_252,2014-11-23,58
STORE_2,STORE_2_252,2014-11-24,35
STORE_2,STORE_2_252,2014-11-25,34
STORE_2,STORE_2_252,2014-11-26,46
STORE_2,STORE_2_252,2014-11-27,57
STORE_2,STORE_2_252,2014-11-28,39
STORE_2,STORE_2_252,2014-11-29,38
STORE_2,STORE_2_252,2014-11-30,34
STORE_2,STORE_2_252,2014-12-01,20
STORE_2,STORE_2_252,2014-12-02,23
STORE_2,STORE_2_252,2014-12-03,45
STORE_2,STORE_2_252,2014-12-04,34
STORE_2,STORE_2_252,2014-12-05,34
STORE_2,STORE_2_252,2014-12-06,47
STORE_2,STORE_2_252,2014-12-07,52
STORE_2,STORE_2_252,2014-12-08,26
STORE_2,STORE_2_252,2014-12-09,37
STORE_2,STORE_2_252,2014-12-10,36
STORE_2,STORE_2_252,2014-12-11,13
STORE_2,STORE_2_252,2014-12-12,45
STORE_2,STORE_2_252,2014-12-13,55
STORE_2,STORE_2_252,2014-12-14,38
STORE_2,STORE_2_252,2014-12-15,28
STORE_2,STORE_2_252,2014-12-16,24
STORE_2,STORE_2_252,2014-12-17,30
STORE_2,STORE_2_252,2014-12-18,46
STORE_2,STORE_2_252,2014-12-19,39
STORE_2,STORE_2_252,2014-12-20,53
STORE_2,STORE_2_252,2014-12-21,49
STORE_2,STORE_2_252,2014-12-22,46
STORE_2,STORE_2_252,2014-12-23,58
STORE_2,STORE_2_252,2014-12-24,36
STORE_2,STORE_2_252,2014-12-25,0
STORE_2,STORE_2_252,2014-12-26,46
STORE_2,STORE_2_252,2014-12-27,41
STORE_2,STORE_2_252,2014-12-28,32
STORE_2,STORE_2_252,2014-12-29,32
STORE_2,STORE_2_252,2014-12-30,29
STORE_2,STORE_2_252,2014-12-31,19
STORE_2,STORE_2_252,2015-01-01,29
STORE_2,STORE_2_252,2015-01-02,37
STORE_2,STORE_2_252,2015-01-03,39
STORE_2,STORE_2_252,2015-01-04,40
STORE_2,STORE_2_252,2015-01-05,33
STORE_2,STORE_2_252,2015-01-06,32
STORE_2,STORE_2_252,2015-01-07,28
STORE_2,STORE_2_252,2015-01-08,16
STORE_2,STORE_2_252,2015-01-09,30
STORE_2,STORE_2_252,2015-01-10,40
STORE_2,STORE_2_252,2015-01-11,41
STORE_2,STORE_2_252,2015-01-12,15
STORE_2,STORE_2_252,2015-01-13,18
STORE_2,STORE_2_252,2015-01-14,20
STORE_2,STORE_2_252,2015-01-15,22
STORE_2,STORE_2_252,2015-01-16,24
STORE_2,STORE_2_252,2015-01-17,39
STORE_2,STORE_2_252,2015-01-18,47
STORE_2,STORE_2_252,2015-01-19,22
STORE_2,STORE_2_252,2015-01-20,18
STORE_2,STORE_2_252,2015-01-21,18
STORE_2,STORE_2_252,2015-01-22,16
STORE_2,STORE_2_252,2015-01-23,32
STORE_2,STORE_2_252,2015-01-24,45
STORE_2,STORE_2_252,2015-01-25,40
STORE_2,STORE_2_252,2015-01-26,21
STORE_2,STORE_2_252,2015-01-27,25
STORE_2,STORE_2_252,2015-01-28,20
STORE_2,STORE_2_252,2015-01-29,21
STORE_2,STORE_2_252,2015-01-30,27
STORE_2,STORE_2_252,2015-01-31,39
STORE_2,STORE_2_252,2015-02-01,33
STORE_2,STORE_2_252,2015-02-02,39
STORE_2,STORE_2_252,2015-02-03,41
STORE_2,STORE_2_252,2015-02-04,24
STORE_2,STORE_2_252,2015-02-05,26
STORE_2,STORE_2_252,2015-02-06,22
STORE_2,STORE_2_252,2015-02-07,48
STORE_2,STORE_2_252,2015-02-08,43
STORE_2,STORE_2_252,2015-02-09,34
STORE_2,STORE_2_252,2015-02-10,20
STORE_2,STORE_2_252,2015-02-11,27
STORE_2,STORE_2_252,2015-02-12,51
STORE_2,STORE_2_252,2015-02-13,36
STORE_2,STORE_2_252,2015-02-14,63
STORE_2,STORE_2_252,2015-02-15,47
STORE_2,STORE_2_252,2015-02-16,43
STORE_2,STORE_2_252,2015-02-17,20
STORE_2,STORE_2_252,2015-02-18,33
STORE_2,STORE_2_252,2015-02-19,35
STORE_2,STORE_2_252,2015-02-20,32
STORE_2,STORE_2_252,2015-02-21,49
STORE_2,STORE_2_252,2015-02-22,50
STORE_2,STORE_2_252,2015-02-23,32
STORE_2,STORE_2_252,2015-02-24,22
STORE_2,STORE_2_252,2015-02-25,25
STORE_2,STORE_2_252,2015-02-26,23
STORE_2,STORE_2_252,2015-02-27,22
STORE_2,STORE_2_252,2015-02-28,48
STORE_2,STORE_2_252,2015-03-01,32
STORE_2,STORE_2_252,2015-03-02,22
STORE_2,STORE_2_252,2015-03-03,35
STORE_2,STORE_2_252,2015-03-04,21
STORE_2,STORE_2_252,2015-03-05,35
STORE_2,STORE_2_252,2015-03-06,25
STORE_2,STORE_2_252,2015-03-07,61
STORE_2,STORE_2_252,2015-03-08,51
STORE_2,STORE_2_252,2015-03-09,42
STORE_2,STORE_2_252,2015-03-10,45
STORE_2,STORE_2_252,2015-03-11,34
STORE_2,STORE_2_252,2015-03-12,26
STORE_2,STORE_2_252,2015-03-13,53
STORE_2,STORE_2_252,2015-03-14,51
STORE_2,STORE_2_252,2015-03-15,67
STORE_2,STORE_2_252,2015-03-16,38
STORE_2,STORE_2_252,2015-03-17,40
STORE_2,STORE_2_252,2015-03-18,28
STORE_2,STORE_2_252,2015-03-19,31
STORE_2,STORE_2_252,2015-03-20,42
STORE_2,STORE_2_252,2015-03-21,56
STORE_2,STORE_2_252,2015-03-22,54
STORE_2,STORE_2_252,2015-03-23,43
STORE_2,STORE_2_252,2015-03-24,33
STORE_2,STORE_2_252,2015-03-25,51
STORE_2,STORE_2_252,2015-03-26,47
STORE_2,STORE_2_252,2015-03-27,39
STORE_2,STORE_2_252,2015-03-28,57
STORE_2,STORE_2_252,2015-03-29,52
STORE_2,STORE_2_252,2015-03-30,34
STORE_2,STORE_2_252,2015-03-31,39
STORE_2,STORE_2_252,2015-04-01,49
STORE_2,STORE_2_252,2015-04-02,37
STORE_2,STORE_2_252,2015-04-03,46
STORE_2,STORE_2_252,2015-04-04,59
STORE_2,STORE_2_252,2015-04-05,46
STORE_2,STORE_2_252,2015-04-06,47
STORE_2,STORE_2_252,2015-04-07,36
STORE_2,STORE_2_252,2015-04-08,38
STORE_2,STORE_2_252,2015-04-09,40
STORE_2,STORE_2_252,2015-04-10,45
STORE_2,STORE_2_252,2015-04-11,51
STORE_2,STORE_2_252,2015-04-12,61
STORE_2,STORE_2_252,2015-04-13,31
STORE_2,STORE_2_252,2015-04-14,24
STORE_2,STORE_2_252,2015-04-15,29
STORE_2,STORE_2_252,2015-04-16,46
STORE_2,STORE_2_252,2015-04-17,51
STORE_2,STORE_2_252,2015-04-18,52
STORE_2,STORE_2_252,2015-04-19,46
STORE_2,STORE_2_252,2015-04-20,37
STORE_2,STORE_2_252,2015-04-21,29
STORE_2,STORE_2_252,2015-04-22,47
STORE_2,STORE_2_252,2015-04-23,27
STORE_2,STORE_2_252,2015-04-24,48
STORE_2,STORE_2_252,2015-04-25,45
STORE_2,STORE_2_252,2015-04-26,50
STORE_2,STORE_2_252,2015-04-27,42
STORE_2,STORE_2_252,2015-04-28,41
STORE_2,STORE_2_252,2015-04-29,38
STORE_2,STORE_2_252,2015-04-30,45
STORE_2,STORE_2_252,2015-05-01,75
STORE_2,STORE_2_252,2015-05-02,71
STORE_2,STORE_2_252,2015-05-03,65
STORE_2,STORE_2_252,2015-05-04,36
STORE_2,STORE_2_252,2015-05-05,42
STORE_2,STORE_2_252,2015-05-06,41
STORE_2,STORE_2_252,2015-05-07,33
STORE_2,STORE_2_252,2015-05-08,50
STORE_2,STORE_2_252,2015-05-09,61
STORE_2,STORE_2_252,2015-05-10,46
STORE_2,STORE_2_252,2015-05-11,42
STORE_2,STORE_2_252,2015-05-12,36
STORE_2,STORE_2_252,2015-05-13,31
STORE_2,STORE_2_252,2015-05-14,27
STORE_2,STORE_2_252,2015-05-15,38
STORE_2,STORE_2_252,2015-05-16,40
STORE_2,STORE_2_252,2015-05-17,58
STORE_2,STORE_2_252,2015-05-18,28
STORE_2,STORE_2_252,2015-05-19,31
STORE_2,STORE_2_252,2015-05-20,30
STORE_2,STORE_2_252,2015-05-21,47
STORE_2,STORE_2_252,2015-05-22,29
STORE_2,STORE_2_252,2015-05-23,49
STORE_2,STORE_2_252,2015-05-24,49
STORE_2,STORE_2_252,2015-05-25,46
STORE_2,STORE_2_252,2015-05-26,37
STORE_2,STORE_2_252,2015-05-27,23
STORE_2,STORE_2_252,2015-05-28,28
STORE_2,STORE_2_252,2015-05-29,41
STORE_2,STORE_2_252,2015-05-30,47
STORE_2,STORE_2_252,2015-05-31,63
STORE_2,STORE_2_252,2015-06-01,41
STORE_2,STORE_2_252,2015-06-02,26
STORE_2,STORE_2_252,2015-06-03,39
STORE_2,STORE_2_252,2015-06-04,41
STORE_2,STORE_2_252,2015-06-05,71
STORE_2,STORE_2_252,2015-06-06,57
STORE_2,STORE_2_252,2015-06-07,65
STORE_2,STORE_2_252,2015-06-08,123
STORE_2,STORE_2_252,2015-06-09,64
STORE_2,STORE_2_252,2015-06-10,38
STORE_2,STORE_2_252,2015-06-11,46
STORE_2,STORE_2_252,2015-06-12,64
STORE_2,STORE_2_252,2015-06-13,94
STORE_2,STORE_2_252,2015-06-14,102
STORE_2,STORE_2_252,2015-06-15,31
STORE_2,STORE_2_252,2015-06-16,33
STORE_2,STORE_2_252,2015-06-17,47
STORE_2,STORE_2_252,2015-06-18,51
STORE_2,STORE_2_252,2015-06-19,54
STORE_2,STORE_2_252,2015-06-20,63
STORE_2,STORE_2_252,2015-06-21,57
STORE_2,STORE_2_252,2015-06-22,35
STORE_2,STORE_2_252,2015-06-23,37
STORE_2,STORE_2_252,2015-06-24,51
STORE_2,STORE_2_252,2015-06-25,61
STORE_2,STORE_2_252,2015-06-26,54
STORE_2,STORE_2_252,2015-06-27,69
STORE_2,STORE_2_252,2015-06-28,74
STORE_2,STORE_2_252,2015-06-29,46
STORE_2,STORE_2_252,2015-06-30,70
STORE_2,STORE_2_252,2015-07-01,56
STORE_2,STORE_2_252,2015-07-02,50
STORE_2,STORE_2_252,2015-07-03,91
STORE_2,STORE_2_252,2015-07-04,59
STORE_2,STORE_2_252,2015-07-05,81
STORE_2,STORE_2_252,2015-07-06,54
STORE_2,STORE_2_252,2015-07-07,37
STORE_2,STORE_2_252,2015-07-08,30
STORE_2,STORE_2_252,2015-07-09,31
STORE_2,STORE_2_252,2015-07-10,36
STORE_2,STORE_2_252,2015-07-11,71
STORE_2,STORE_2_252,2015-07-12,58
STORE_2,STORE_2_252,2015-07-13,39
STORE_2,STORE_2_252,2015-07-14,44
STORE_2,STORE_2_252,2015-07-15,39
STORE_2,STORE_2_252,2015-07-16,53
STORE_2,STORE_2_252,2015-07-17,55
STORE_2,STORE_2_252,2015-07-18,69
STORE_2,STORE_2_252,2015-07-19,86
STORE_2,STORE_2_252,2015-07-20,77
STORE_2,STORE_2_252,2015-07-21,42
STORE_2,STORE_2_252,2015-07-22,25
STORE_2,STORE_2_252,2015-07-23,34
STORE_2,STORE_2_252,2015-07-24,45
STORE_2,STORE_2_252,2015-07-25,64
STORE_2,STORE_2_252,2015-07-26,54
STORE_2,STORE_2_252,2015-07-27,42
STORE_2,STORE_2_252,2015-07-28,82
STORE_2,STORE_2_252,2015-07-29,42
STORE_2,STORE_2_252,2015-07-30,48
STORE_2,STORE_2_252,2015-07-31,51
STORE_2,STORE_2_252,2015-08-01,72
STORE_2,STORE_2_252,2015-08-02,74
STORE_2,STORE_2_252,2015-08-03,42
STORE_2,STORE_2_252,2015-08-04,43
STORE_2,STORE_2_252,2015-08-05,51
STORE_2,STORE_2_252,2015-08-06,50
STORE_2,STORE_2_252,2015-08-07,45
STORE_2,STORE_2_252,2015-08-08,76
STORE_2,STORE_2_252,2015-08-09,79
STORE_2,STORE_2_252,2015-08-10,68
STORE_2,STORE_2_252,2015-08-11,41
STORE_2,STORE_2_252,2015-08-12,64
STORE_2,STORE_2_252,2015-08-13,36
STORE_2,STORE_2_252,2015-08-14,53
STORE_2,STORE_2_252,2015-08-15,138
STORE_2,STORE_2_252,2015-08-16,84
STORE_2,STORE_2_252,2015-08-17,81
STORE_2,STORE_2_252,2015-08-18,49
STORE_2,STORE_2_252,2015-08-19,40
STORE_2,STORE_2_252,2015-08-20,44
STORE_2,STORE_2_252,2015-08-21,38
STORE_2,STORE_2_252,2015-08-22,72
STORE_2,STORE_2_252,2015-08-23,85
STORE_2,STORE_2_252,2015-08-24,49
STORE_2,STORE_2_252,2015-08-25,60
STORE_2,STORE_2_252,2015-08-26,53
STORE_2,STORE_2_252,2015-08-27,64
STORE_2,STORE_2_252,2015-08-28,88
STORE_2,STORE_2_252,2015-08-29,60
STORE_2,STORE_2_252,2015-08-30,76
STORE_2,STORE_2_252,2015-08-31,52
STORE_2,STORE_2_252,2015-09-01,38
STORE_2,STORE_2_252,2015-09-02,27
STORE_2,STORE_2_252,2015-09-03,41
STORE_2,STORE_2_252,2015-09-04,27
STORE_2,STORE_2_252,2015-09-05,54
STORE_2,STORE_2_252,2015-09-06,63
STORE_2,STORE_2_252,2015-09-07,78
STORE_2,STORE_2_252,2015-09-08,65
STORE_2,STORE_2_252,2015-09-09,43
STORE_2,STORE_2_252,2015-09-10,64
STORE_2,STORE_2_252,2015-09-11,63
STORE_2,STORE_2_252,2015-09-12,49
STORE_2,STORE_2_252,2015-09-13,70
STORE_2,STORE_2_252,2015-09-14,41
STORE_2,STORE_2_252,2015-09-15,34
STORE_2,STORE_2_252,2015-09-16,26
STORE_2,STORE_2_252,2015-09-17,49
STORE_2,STORE_2_252,2015-09-18,44
STORE_2,STORE_2_252,2015-09-19,80
STORE_2,STORE_2_252,2015-09-20,122
STORE_2,STORE_2_252,2015-09-21,59
STORE_2,STORE_2_252,2015-09-22,27
STORE_2,STORE_2_252,2015-09-23,32
STORE_2,STORE_2_252,2015-09-24,52
STORE_2,STORE_2_252,2015-09-25,35
STORE_2,STORE_2_252,2015-09-26,59
STORE_2,STORE_2_252,2015-09-27,49
STORE_2,STORE_2_252,2015-09-28,24
STORE_2,STORE_2_252,2015-09-29,20
STORE_2,STORE_2_252,2015-09-30,26
STORE_2,STORE_2_252,2015-10-01,40
STORE_2,STORE_2_252,2015-10-02,49
STORE_2,STORE_2_252,2015-10-03,69
STORE_2,STORE_2_252,2015-10-04,67
STORE_2,STORE_2_252,2015-10-05,57
STORE_2,STORE_2_252,2015-10-06,52
STORE_2,STORE_2_252,2015-10-07,33
STORE_2,STORE_2_252,2015-10-08,52
STORE_2,STORE_2_252,2015-10-09,54
STORE_2,STORE_2_252,2015-10-10,65
STORE_2,STORE_2_252,2015-10-11,49
STORE_2,STORE_2_252,2015-10-12,53
STORE_2,STORE_2_252,2015-10-13,65
STORE_2,STORE_2_252,2015-10-14,51
STORE_2,STORE_2_252,2015-10-15,29
STORE_2,STORE_2_252,2015-10-16,54
STORE_2,STORE_2_252,2015-10-17,69
STORE_2,STORE_2_252,2015-10-18,49
STORE_2,STORE_2_252,2015-10-19,26
STORE_2,STORE_2_252,2015-10-20,44
STORE_2,STORE_2_252,2015-10-21,44
STORE_2,STORE_2_252,2015-10-22,38
STORE_2,STORE_2_252,2015-10-23,45
STORE_2,STORE_2_252,2015-10-24,73
STORE_2,STORE_2_252,2015-10-25,55
STORE_2,STORE_2_252,2015-10-26,48
STORE_2,STORE_2_252,2015-10-27,25
STORE_2,STORE_2_252,2015-10-28,44
STORE_2,STORE_2_252,2015-10-29,48
STORE_2,STORE_2_252,2015-10-30,45
STORE_2,STORE_2_252,2015-10-31,80
STORE_2,STORE_2_252,2015-11-01,82
STORE_2,STORE_2_252,2015-11-02,30
STORE_2,STORE_2_252,2015-11-03,37
STORE_2,STORE_2_252,2015-11-04,27
STORE_2,STORE_2_252,2015-11-05,40
STORE_2,STORE_2_252,2015-11-06,41
STORE_2,STORE_2_252,2015-11-07,51
STORE_2,STORE_2_252,2015-11-08,60
STORE_2,STORE_2_252,2015-11-09,34
STORE_2,STORE_2_252,2015-11-10,43
STORE_2,STORE_2_252,2015-11-11,44
STORE_2,STORE_2_252,2015-11-12,32
STORE_2,STORE_2_252,2015-11-13,37
STORE_2,STORE_2_252,2015-11-14,54
STORE_2,STORE_2_252,2015-11-15,52
STORE_2,STORE_2_252,2015-11-16,37
STORE_2,STORE_2_252,2015-11-17,36
STORE_2,STORE_2_252,2015-11-18,20
STORE_2,STORE_2_252,2015-11-19,43
STORE_2,STORE_2_252,2015-11-20,22
STORE_2,STORE_2_252,2015-11-21,40
STORE_2,STORE_2_252,2015-11-22,68
STORE_2,STORE_2_252,2015-11-23,29
STORE_2,STORE_2_252,2015-11-24,38
STORE_2,STORE_2_252,2015-11-25,46
STORE_2,STORE_2_252,2015-11-26,85
STORE_2,STORE_2_252,2015-11-27,66
STORE_2,STORE_2_252,2015-11-28,56
STORE_2,STORE_2_252,2015-11-29,49
STORE_2,STORE_2_252,2015-11-30,43
STORE_2,STORE_2_252,2015-12-01,29
STORE_2,STORE_2_252,2015-12-02,34
STORE_2,STORE_2_252,2015-12-03,40
STORE_2,STORE_2_252,2015-12-04,28
STORE_2,STORE_2_252,2015-12-05,52
STORE_2,STORE_2_252,2015-12-06,66
STORE_2,STORE_2_252,2015-12-07,43
STORE_2,STORE_2_252,2015-12-08,44
STORE_2,STORE_2_252,2015-12-09,46
STORE_2,STORE_2_252,2015-12-10,49
STORE_2,STORE_2_252,2015-12-11,36
STORE_2,STORE_2_252,2015-12-12,53
STORE_2,STORE_2_252,2015-12-13,56
STORE_2,STORE_2_252,2015-12-14,35
STORE_2,STORE_2_252,2015-12-15,32
STORE_2,STORE_2_252,2015-12-16,36
STORE_2,STORE_2_252,2015-12-17,56
STORE_2,STORE_2_252,2015-12-18,56
STORE_2,STORE_2_252,2015-12-19,61
STORE_2,STORE_2_252,2015-12-20,47
STORE_2,STORE_2_252,2015-12-21,39
STORE_2,STORE_2_252,2015-12-22,31
STORE_2,STORE_2_252,2015-12-23,43
STORE_2,STORE_2_252,2015-12-24,32
STORE_2,STORE_2_252,2015-12-25,0
STORE_2,STORE_2_252,2015-12-26,52
STORE_2,STORE_2_252,2015-12-27,37
STORE_2,STORE_2_252,2015-12-28,32
STORE_2,STORE_2_252,2015-12-29,29
STORE_2,STORE_2_252,2015-12-30,34
STORE_2,STORE_2_252,2015-12-31,27
STORE_2,STORE_2_252,2016-01-01,37
STORE_2,STORE_2_252,2016-01-02,44
STORE_2,STORE_2_252,2016-01-03,30
STORE_2,STORE_2_252,2016-01-04,30
STORE_2,STORE_2_252,2016-01-05,15
STORE_2,STORE_2_252,2016-01-06,18
STORE_2,STORE_2_252,2016-01-07,27
STORE_2,STORE_2_252,2016-01-08,28
STORE_2,STORE_2_252,2016-01-09,38
STORE_2,STORE_2_252,2016-01-10,41
STORE_2,STORE_2_252,2016-01-11,28
STORE_2,STORE_2_252,2016-01-12,26
STORE_2,STORE_2_252,2016-01-13,13
STORE_2,STORE_2_252,2016-01-14,20
STORE_2,STORE_2_252,2016-01-15,17
STORE_2,STORE_2_252,2016-01-16,25
STORE_2,STORE_2_252,2016-01-17,40
STORE_2,STORE_2_252,2016-01-18,24
STORE_2,STORE_2_252,2016-01-19,17
STORE_2,STORE_2_252,2016-01-20,21
STORE_2,STORE_2_252,2016-01-21,20
